jeu_donnees,L1_taille,cpi,ipc,numCycles,icache_miss,dcache_miss,l2_miss,bp_cond_mispredict_rate,btb_hit_ratio,bp_mispredict_rate
run,2kB,1.893163,0.528216,222530,0.035334,0.118661,0.693716,0.05485,0.957914,0.033037
run,4kB,1.874549,0.533462,220342,0.028019,0.111287,0.803551,0.05481,0.957969,0.032992
run,8kB,1.867633,0.535437,219529,0.023301,0.108228,0.88917,0.054614,0.957238,0.032844
run,16kB,1.866654,0.535718,219414,0.020884,0.106896,0.936582,0.054542,0.956409,0.032808
run,32kB,1.865421,0.536072,219269,0.019654,0.105715,0.965588,0.054539,0.95589,0.032809
