jeu_donnees,L1_taille,cpi,ipc,numCycles,icache_miss,dcache_miss,l2_miss,bp_cond_mispredict_rate,btb_hit_ratio,bp_mispredict_rate
run,1kB,5.061739,0.197561,594977,0.054345,0.106596,0.671958,0.033574,0.961516,0.016697
run,2kB,5.046425,0.19816,593177,0.04437,0.096769,0.777258,0.033556,0.961156,0.016687
run,4kB,5.023038,0.199083,590428,0.03669,0.092794,0.862964,0.033513,0.960972,0.016669
run,8kB,5.007257,0.19971,588573,0.031452,0.091086,0.928265,0.033492,0.960237,0.016656
run,16kB,5.007138,0.199715,588559,0.029282,0.089542,0.964302,0.033492,0.959778,0.016653
